rating,review,review_length,word_count
5.0,this cured my depression and brought it back full force in the span of 2 hours,78,16
4.5,Love this movie more than I love myself,39,8
5.0,I've taken all of your criticisms into account and have determined that you're all wrong.,89,15
5.0,la la land makes me want to be alive for one hour and fifty minutes then sebastian says welcome to seb's and it makes me want to be dead,136,29
4.5,â€œNo Jamal...you be trippin.â€,28,4
5.0,the whole â€˜what could've beenâ€™ sequence continues to be the reason for my death.,80,14
5.0,Itâ€™s insane how thereâ€™s still haters of this movie bruh like imma put you in a saw trap,87,18
5.0,no YOU live in a society i live in la la land,45,12
5.0,"amy: you can just tell us a story :) mia: about? amy: you can just tell us anything :) mia: amy: whenever you're ready :) mia: ................... my aunt used to live in paris. I remember, she used to come home and she would tell us these stories about being abroad. and I remember, she told us that she jumped into the river once. barefoot. she smiled... leapt without looking .... aNd tumbled into... the seine.... the water was freezing....â€¦",445,80
5.0,THEY BELIEVED IN EACH OTHER SO MUCH!!!!!!!! THEY WERE SO IN LOVE!!!!!!!!!!! I'M A FUCKING WRECK!!!!!!!!!!!!,107,16
5.0,this movie is like a double-edged sword because a) it makes me really fucking happy b) it makes me really fucking sad c) it makes me want to stab myself with said sword,168,33
5.0,ï½¥ ï½¡ â˜†cityâˆ´ï½¡ã€€* ï½¥ï¾Ÿ*ofï½¡â˜…ï½¥ ï½¥ starsï½¡ã€€ã€€ * ï½¥ ï¾Ÿ*ï½¡ï½¥ï¾Ÿareâ˜…ï½¡ â˜†ï¾Ÿï½¥ï½¡youÂ°*. ï¾Ÿ *ã€€ã€€ï¾Ÿï½¡Â·*ï½¥ï½¡shining ï¾Ÿ* ï¾Ÿ *.ï½¡just â˜†ï½¡â˜…ã€€ï½¥ * â˜† ï½¡ï½¥ï¾Ÿfor*.ï½¡ *ã€€â˜… ï¾Ÿmeï½¥ï½¡ * ï½¡ ï½¥ã€€ã€€ï¾Ÿâ˜† ï½¡ Happy La La Land dayyyy!,158,35
5.0,I enjoy the 2016 Damien Chazelle film La La Land .,50,11
5.0,"the type of movie that makes me wanna drive alone all night long, reminiscing about moments Iâ€™ve never lived",108,19
5.0,"I want to take some time to talk about the Epilogue of the film. I've heard many different theories about what the Epilogue truly means. The reality is the idea that true love is being willing to make sacrifices. In this Epilogue, Sebastian was far more willing to make sacrifices for Mia than she was for him. There is a scene earlier on in the film that beautifully foreshadows the entire story. The scene after Sebastian finds Mia's keys andâ€¦",445,80
5.0,singin' in the pain,19,4
5.0,"I cried like a baby, got some loud assholes kicked out of the theater, and accidentally got into the wrong car and scared the shit out of some random lady! BEST NIGHT! I FUCKING LOVE LA LA LAND! BEST MOVIE EVER!",211,41
4.5,why was john legend such a jump-scare,37,7
3.5,ryan gosling got that golden globe for being the first person ever to act miserable while playing take on me - aha,114,22
5.0,"""5 years later"" is where I draw the line",40,9
4.5,Why does the opening song have the same melody as the crab rave song,68,14
5.0,I love Ryan Gosling I love Emma Stone I love City of stars I love Another day of sun I love someone in the crowd I love the cinematography I love the costumes I love the acting I LOVE THIS MOVIE.,195,41
5.0,"i literally have not and will not ever see a movie better than this, we really do not deserve movies this good.",111,22
5.0,free serotonin!,15,2
5.0,damien chazelle saw the â€˜gotta go my own wayâ€™ scene in high school musical 2 and really made a whole movie out of it,116,24
5.0,itâ€™s a perfect movie,20,4
5.0,sebastian has set up such unrealistic expectations for men. they should all just give up,88,15
5.0,due to personal reasons i will be passing away,46,9
5.0,watched this on the flight to LA and it put me in such a good mood im gonna dance down the I-405 and i don't care if some dude in a lamborghini going 500mph fucking annihilates me,179,37
3.5,that post about how emma stone looks like a bitmoji ruined my fucking life,74,14
4.5,"Jacques Demy for the digital age... walks the uneasy bridge between romance and reality almost as nimbly as Singin' in the Rain did the one between silent films and talkies. i think this is a more difficult â€” and more rewarding â€” film than some people are expecting, or will be interested in seeing. the way it disintegrates from the technicolor to the quotidian, from a romance about movies to a movie about romance... it's a bold move, executed toâ€¦",450,80
4.5,i think iâ€™ve seen this film before and i didnâ€™t like the ending,63,13
5.0,Insane how this movie can make you both extremely happy and extremely sad,73,13
5.0,"Good news for everyone who hates this film: this is the first time I've watched it that made me go ""hmmm okay parts of this movie are very very corny."" Bad news for those same people: I still think the opening is so beautiful and celebratory and exuberant in a way I want more movies to be, I still think Emma Stone is so fucking fantastic and deserved the Best Actress Oscar, and Damien Chazelle deserved his Best Director Oscar! This movie rules!!!!!!!!",455,83
5.0,watched again with the hope that the end would magically change,63,11
5.0,i want emma stone and ryan gosling to tap dance on my face,58,13
5.0,the reason i love la la land so much is because it captured a feeling... sky with no ceiling... the sunset without a frame,122,24
5.0,"i realize iâ€™m such a clichÃ© for saying this, but this movie really is the reason why iâ€™m out here. itâ€™s the reason i do anything . iâ€™ve heard every complaint and critique and i just donâ€™t care - this is the purest form of movie magic iâ€™ve ever experienced and simply one of the most impactful and influential movies iâ€™ve ever seen period . it never shies away from how hard it is out here and how damn near impossible it isâ€¦",424,83
4.5,"Rewatched this because Dunkey told me to and surprise surprise it's still magnificent. I'm not super into Ryan Gosling's performance but the gorgeous cinematography, breathtaking musical numbers, electric romantic chemistry, and sublime writing perfectly illustrate why Damien Chazelle is an absolute master of his craft. Not quite as perfect as Whiplash, but it does have the slightly better ending. Hell, maybe the best ending I've ever seen in a movie.",455,70
5.0,"Perfect movie, perfect movie, perfect movie, perfect movie. Never not hitting.",78,11
5.0,what do you mean you don't like jazz?,37,8
5.0,PEOPLE ğŸ‘ LOVE ğŸ‘ WHAT ğŸ‘ OTHER ğŸ‘ PEOPLE ğŸ‘ ARE ğŸ‘ PASSIONATE ğŸ‘ ABOUT ğŸ‘,66,16
3.0,"Occasionally a nice tonic, and pretty, but mostly a timid musical mixed with a bland romance. How the guy who made WHIPLASH failed...no, scratch that, barely even tried to make this take off until the last 20 minutes or so is baffling. Why does this plateau as soon as they get together? Why is so much of this (like say their one argument or the stories of their respective hopes) not in song? Where did all of Chazelle's energy go?",433,80
5.0,"thisÂ single handedly reinvented musicals, singing, dancing, cinematography, comedy, seasons of the year, the piano, every color on the entire color spectrum, romance, jazz and pure joy also: 1. in the middle of the ending the projector messed up and so they played it back and i got to cry over that spectacular ending twice in a row, and 2. i metÂ damien chazelle!",364,64
3.5,"Admittedly, the storyline did lose me at certain points, but the phenomenal use of colour, lighting and music certainly made for a compelling watch. I can confirm that I did in fact enjoy this.",193,34
5.0,i literally started crying before i even pressed play,53,9
,you canâ€™t just drive up to the griffith observatory door like that you would get arrested so fast,97,18
4.5,"Ayer fue una hermosa tarde de lluvia y la pasÃ© encerrado en mi casa escribiendo, con Leia durmiendo al lado mÃ­o y el ruido del agua y los truenos de fondo. Una maravilla. Pero el universo, que es tremendo sorete, le gusta equilibrar las cosas y por eso a las nueve de la noche se cortÃ³ la luz para no volver. Me quedÃ© un rato largo sentado en el sillÃ³n en plan â€œen un momento asÃ­ solo se puede reÃ­râ€ â€¦",401,81
2.5,"Yes it is true: I hate joy. Okay but seriously, of all the movies you could fight about, y'all chose this? This is the movie nobody is allowed to dislike? Are you sure that there weren't any better candidates than La La Land ? I'm honestly confused right now. I can see why it might appeal to some people but at the same time I don't think that it will ever become a classic because it's just not original enough. Sometimesâ€¦",424,81
4.5,HOT TAKE: This is a beautiful film.,35,7
4.0,is this a horror movie,22,5
5.0,"the ending of this movie sparked a strong and completely new emotional reaction in me, a mix of crying while dancing: cry-dancing, sometimes referred to as ""crancing""?, also known simply and elegantly as ""dying"" (source: me i guess)",232,38
5.0,How am I happy AND sad ?,24,7
5.0,i lobe this movie,17,4
5.0,"This happened to me once when I played toontown in 2010. I had a girlfriend who I'd go on the trolley with everyday. Then one day, she gets mad at me... It was trolley tracks and i didn't want to play the game that she wanted to. She voted for a different game and I became erratic. I yelled at her. She left me. Weeks go by, no contact. We had a mutual friend who would tell me how sheâ€¦",387,80
5.0,"""I'm Always Gonna Love You."" Quite literally a film that leaves me speechless, never failing to mesmerize me in its romantic story-telling and heartbreaking, yet awe-inspiring, character work and portrait of love. Itâ€™s so much more than just another romance film, though. Itâ€™s a tender tale of an evolving relationship burdened by dreams of success. An ode to old Hollywood filmmaking with its vibrant use of color and Pulp Fiction-esque production design. Chazelle feels as passionate as Iâ€™ve ever seenâ€¦",504,80
4.5,"Right person, wrong time",24,4
5.0,mia is so much stronger than me because if a man barged past me after playing that fuck ass piano i wouldâ€™ve thrown some hands,126,25
5.0,My love for this movie is immeasurable.,39,7
5.0,"While I'm an emotional wreck with swollen eyes, this film will hold a special place in my heart",95,18
4.0,"Fair warning, only because a portion of the reviews make it out to be some kind of bright, cheery, optimistic film -- La La Land left me in one of the most profoundly depressed states of any film I've seen this year. I decided to watch it twice tonight and I don't even know why (okay actually I do), because now I'm just despondent.",333,64
3.0,Ryan Gosling and Emma Stone are the reasons in my humble opinion the masses have gone Ga Ga for La La Land. The It Guy. The It Girl. A romance for the ages. The couple we all love. It's The Notebook without the sappy ending for the millennial generation. Take away Ryan and Emma and I'm betting most of you would give zero fucks about La La Land. La La Land is being sold as the second coming of theâ€¦,400,80
5.0,filmmaking nearer the gods. perfect film. no notes.,51,8
5.0,TIFF 2016 Film #17 Cinema has officially been reborn. La La Land is one of the most enjoyable movie experiences I've ever had. This movie gives me life. It's absolutely electrifying. There's a big musical number before the movie even really starts and at that moment I knew we had a special film on our hands. Emma Stone is coming for that Oscar. Her and Ryan Gosling were dynamite as a pair. We all need to be very thankful thatâ€¦,430,80
5.0,you know that scene when theyâ€™re walking through the lot and mia stops in to look at one of the sets and she just says â€œi love it.â€ yeah thatâ€™s me watching this movie,166,34
5.0,in my head i play a supercut of us all the magic we gave off all the love we had and lost and in my head the visions never stop these ribbons wrap me up but when i reach for you there's just a supercut,201,45
5.0,still good still makes me cry,29,6
5.0,"this is the most personal film ever to me. i donâ€™t think i can or ever will watch this without bursting into floods of tears. i try to watch this once a year as a little check in, as a reminder that this is the film that started it all way back in 2016, the film that made me fall in love with cinema and decide to dedicate my entire life to the art form! watching this every year makesâ€¦",387,80
2.0,"Yes, black people are used as props. Yes, a white man wants to save a black art form from being tainted by a black man. Yes, he succeeds in this goal. Yes, in a white manâ€™s passionate spiel about the history of jazz, blackness isnâ€™t mentioned once. Yes, a white man fetishizes a black art form from a time where black people were treated like shit (not like we still arenâ€™t). These are annoying but are nowhere near my biggestâ€¦",427,80
4.0,pissy caca,10,2
4.5,"â€œIâ€™m always gonna love you.â€ â€œIâ€™m always gonna love you, too.â€ Words have meaning. It was a favorite phrase of a professor at my law school (a professor under whom I thankfully did not matriculate, given his reputation), and it is a maxim to which I try my utmost to adhere (though I fail more often than not). If the purpose of language is to communicate meaning, one must choose oneâ€™s words carefully and with purpose, lest one be misunderstoodâ€¦",447,80
5.0,Last night was one of those nights where I couldnâ€™t fall asleepâ€¦ which is ass. Soâ€¦ La La Land.,94,19
1.5,it's like if kidz bop made a jazz album.,40,9
5.0,â€œIâ€™m always gonna love youâ€ â€œIâ€™m always gonna love you tooâ€ Okay well just punch me in the face why donâ€™t you,109,22
5.0,Itâ€™s just so fucking good.,26,5
5.0,the perfect film doesn't exi-,29,5
3.5,is it a thing with male musicians that they start disrespecting their girlfriends when they go professional or does it only happen in damien chazelle films,155,26
5.0,film is unrealistic because on their first date man is interested in + asking her questions instead of incessantly talking about himself,136,22
5.0,Love this films ability to make me feel such profound joy and then make me want to kill myself,94,19
5.0,this is my favorite movie and I donâ€™t care who knows it,55,12
2.5,"so imagine demy (but, like, only an okay version) directed detention (but, like, only an okay version) and sprinkled on its four corners the blood of badlands (but, like, only an okay version) and wrapped the whole thing up in the hide of bojack horseman (but, like, only an okay version). i adore musicals with all my heart & mind & soul & strength so please know it is with a heavy heart (& mind etc.) i must announce: this is aggressively mediocre.â€¦",452,83
4.5,"the right person, wrong time trope will always get me",53,10
5.0,watched on the plane (wouldâ€™ve been rude not to) i laughed i cried i had many epiphanies etc etc,96,19
5.0,"""I'm always gonna love you."" ""I'm always gonna love you too.""",61,11
5.0,get super emotional every time i see this!!! had the privilege of seeing this for the first time at 11 years old and it made me absolutely fall in love with cinema. i owe the past 8 years of my life to this movie and most importantly the past year which has been one of the most insane years of my life. no matter how old or pretentious i get i will be ride or die for la la land !!!!Â â€¦,386,82
3.5,"70 Gosh, it sucks that this movie is merely very good, because at its best, La La Land is one of the greatest films about the Hollywood Dream Factory. The dance against the LA skyline, the sunset merging with twilight, colors glowing against the extravagant costuming. Just lovely. Too often it falls into the rut of not embracing the 'musical' element. A film as gorgeous as this should be bouncing off the walls as a full-fledged musical. But the worstâ€¦",455,80
5.0,"As the year closes, Chazelle provides the perfect antidote to the ruthless bastard that is 2016. There's a conversation in this film where the superb (easily her career best performance) Emma Stone expresses her fears that the play she wrote could be seen as too old-fashioned by people, to which the fantastic (and jealousy inducing bastard) Ryan Gosling responds with a heartfelt 'Fuck other people!'. This is Chazelle not caring and indulging in what is essentially two hours of movieâ€¦",488,80
5.0,I want Mia and Sebastian's theme to be played at every significant moment in my life,84,16
5.0,"also, i'm writing this here because i truly don't know where else to put it, but: i don't really get some of the controversy surrounding this film. warning: i'm talkin about race, baby. (so beat it if you're just gonna write ""blugghh stop making race important"") in terms of ""white people talking about jazz,"" sure, that's not GREAT but i don't know if i'd call it or chazelle racist. his first film went under the radar and was about aâ€¦",437,80
2.0,"I kinda want to punch people comparing this to Demy in the face as much as I wanted to punch Goslingâ€™s (whose self-absorption is put to great use here even if Iâ€™m not sure it was intentional). That said, the anxiety of failure that runs as undercurrent throughout this does stings some. It is half a prickâ€™s wish-fulfillment fantasy and half a manic depressed nightmare of someone afraid to be exposed and the way those disparate parts run together is curious at least.",469,83
5.0,"Jesus Christ I'm so in love with this movie, I've never been in love with anything as much as this. I left the theater sobbing my eyes out and I stopped and looked behind me at the credits and smiled. I fucking love this film.",226,45
5.0,"I will never not love La La Land . It is such a special place to come back to whenever I want to be fully immersed by cinema and art, the true meaning of both those things and the power they can hold. Whenever I want to fall in love all over again with the way dreams and love work and how they sometimes just can't both walk together in the same direction. Because that really is how life works. Sometimesâ€¦",407,81
1.5,"The most artless celebration of art I have ever witnessed. Art is basically what a very few people (this film's intended audience of The Academy) get to do for a living in this film. It is undemocratic and mainly nostalgia for the retired. This blatant attempt to funnel this myopic, decrepit worldview through not only one of the premiere genres of freedom, but a story of millennials with no money, having prospects handed to them because they are more nostalgicâ€¦",465,80
5.0,i think i've seen this film before and i didn't like the ending,63,13
5.0,"I'm warning you right the fuck now, if you hate this movie because of all the awards and Oscar buzz it's getting I will block and report you. I'm pretty much unfollowing anyone who gives it under a 4 anyway, but if your only excuse is because it doesn't deserve awards I literally have no respect or care in the world for you. EDIT : I'm joking about the unfollow thing. Don't take it too seriously. Just understand where myâ€¦",425,80
4.5,"Part of me acknowledges the irony of creating a film about â€œdaring to dreamâ€ within Hollywood, the most restrictive, exclusive, unwelcoming system of any artistic medium. I also acknowledge the irony of not taking a risk on two unknowns and instead casting two of the biggest stars in the world, and how much that diminishes the impact of those desired themes. The other part of me knows this is still magical and that the first part of me thinks too much.",456,81
5.0,"â€œ La La Land â€, directed by Damien Chazelle, is an absolute triumph that transports the audience to a world of dazzling dreams and sincere emotions. With an enchanting story, captivating performances and mesmerizing musical numbers, this film is a true cinematic gem. By far one of my favorite films. Set against a vibrant Los Angeles backdrop, â€œ La La Land â€ follows the intertwined lives of Mia ( Emma Stone ), an aspiring actress, and Sebastian ( Ryan Gosling ), a passionate jazz musician. From their firstâ€¦",511,88
4.5,I just pretend she turns back around I can't deal with it,57,12
2.5,"[5] Neither outstanding nor horrid. It seems rather puzzling, though, that so much of the project rests on Emma Stone's shoulders. She is a fine actress, particularly adept with comedy, but as Mia she is a mediocre singer and a subpar dancer. (Note how she keeps looking down at her feet, and how she slouches rather than keeping her line.) One could almost understand this if Chazelle's purpose were a sort of pro-am Everyman musical along the lines of Everyoneâ€¦",463,80
5.0,"This film is the true definition of a masterpiece. Emma Stone and Ryan Gosling acting together is pure magic. I'll never forget the first time I watched this in cinema back in 2016. I had just gone through an experience of what I thought was ""right person, wrong time"". So, the ending hit me like a ton of bricks back then and immediately brought tears to my eyes. I've seen it multiple times since then, and the ending still gets me. Sebastian Wilder will forever be one of my favorite film characters of all time.",515,95
5.0,i still lobe this movie,23,5
5.0,Pregaming for Babylon,21,3
5.0,"Yeah, this is the best movie ever.",34,7
5.0,ryan gosling and emma stone can have all of my money if they agree to tap dance on my grave at my funeral,105,23
5.0,"Here's to the ones who dream, baby",34,7
5.0,yep mm hmm still crying,23,5
3.5,"70 La La Land succeeds, no, scratch that, *soars* when it's in song. Damien Chazelle's newest film about the allure of music and the relationships which stumble within it is nothing less than a marvelous concoction of sunshine and warm, fuzzy twilight condensed into light taps, swooning dance motions, and large musical gestures. There's an old-school magic to seeing two movie stars float among the stars, a dream played out through a projector, frazzled and exultant, and each step feelsâ€¦",491,80
4.5,happy six year anniversary to la la land! i am going to die alone.,66,14
,"Publicado na revista Veja em 18/01/2017 Cidade dos sonhos frustrados No musical La La Land, o encanto do amor e da mÃºsica se choca com o cotidiano duro e competitivo de Los Angeles Em uma rampa que liga a via expressa 105 Ã  110, algumas centenas de habitantes de Los Angeles estÃ£o fazendo aquilo que os habitantes de Los Angeles mais fazem: mofar no trÃ¢nsito. Mas, entÃ£o, a cÃ¢mera fecha no rosto de uma moÃ§a que cantarola junto com oâ€¦",434,80
4.5,"â€œno one likes jazz, not even youâ€ â€œi do like jazz now because of youâ€ im sobbing i love musicals",96,20
5.0,"â€œ Iâ€™m always gonna love you â€ â€œ Iâ€™m always gonna love you too â€ this is the most terrifying, yet beautiful horror film of all time and I love it (iâ€™m in so much pain)",166,36
4.0,i will give ryan and emma $15 each if they agree to tap dance on my grave at my funeral,87,20
5.0,La La Land is my favourite film of all time. If I were to enjoy a new film in the future it wouldnâ€™t come close to my love for La La Land. This dreamy 2016 musical centred around Mia an actress and Sebastian a pianist. These ambitious individuals fall in love whilst attempting to reconcile their chosen future aspirations. In the beginning the plot starts with a memorable musical sequence â€˜Another Day of Sunâ€™ which immediately sets the energetic andâ€¦,453,80
5.0,"Gosling and Stone's first encounter is a literal and metaphorical middle finger filled with love to the audience. Behold how the stars glimmer so gracefully in the vast sky, their perfection timeless and beautiful. If only I could waltz with you beneath their glow every night. Ah, to exist in a symphony of harmony, where every soul finds its own rhythm. Like a melody of dance and song, life weaves its beauty through compromise, crafting our own musical that resonatesâ€¦",472,80
3.5,imagine ur wife is pregnant and ur taking her to hospital and u get stuck in traffic and then everyone gets out of their car to sing about sunlight,147,29
1.5,"Com certeza um dos filmes mais moralistas que eu jÃ¡ assisti. O que me incomoda nem Ã© essa nostalgia vazia, que atÃ© ai jÃ¡ foi objeto de fetiche em uma penca de filmes bestas e com certeza esse nÃ£o serÃ¡ o Ãºltimo, mas o que me irrita mesmo Ã© esse desprezo pelo contemporÃ¢neo que se reflete numa presunÃ§Ã£ozinha bem canalha mesmo. Um filme onde sÃ³ o jazz clÃ¡ssico salva mas os negros sÃ£o objetos de cena? Onde rola toda umaâ€¦",419,80
5.0,I think we all agree that this movie is the happiest-sad movie ever to exist in humanity. The ending never stops hurting tho à²¥âŒ£à²¥,128,24
5.0,HIS CAR WAS NOT JUST RIGHT UP HERE!!! HE LIED!!! HES A LIAR!!!!,63,13
4.5,this film felt like a nice warm hug :(,38,9
2.0,"one of those films that i don't understand why everyone loves it so much. i found a large majority of it insufferable. i'm aware i'm probably the only person on planet earth (and possibly other planets with humanoid life) to feel this way. maybe some people will want to cancel me for this, but if you don't want to hear my honesty i would probably suggest not following me. i mean, sure, the cinematography is wonderful, beautiful, gorgeous, all ofâ€¦",450,80
3.5,So had Sebastian and Mia just never heard of long-distance relationships before orrrrrrrrr,90,13
5.0,This movie fills me with so much goddamn dispair I cant watch it more than once a week otherwise ill be bedridden (this is a slight joke although I dont believe I have ever watched it more than once a week so this could be proven to be correct) I just love it a lot because its so damn tragic and catchy and beautiful and all the other descriptions that would make this the longest run-on sentence you have everâ€¦,412,80
,"No one can fathom how much this film impacted my life since its release and I really hope I give it justice with this personal review. La La Land is a dramedy musical telling the story of how a pianist and an actress pursued their dreams and fell in and out of love in the city of Los Angeles. Musicals are my all-time favorite film genre, as you can see with my obsessive rewatches of both Hamilton and American Utopia â€¦",421,81
5.0,"And here's to the fools who dream / Crazy as they may seem. / Here's to the hearts that break. / Here's to the mess we makeËš à¼˜â™¡ â‹†ï½¡Ëš fuck i never have words to write a review after this movie, my heart has never been so full yet so broken everytime i watch it with the new details and lines i notice, what a masterpiece",318,66
5.0,Ryan goslingâ€™s little nod at the end is one of the most devastating things Iâ€™ve ever seen. I literally wanna die every time I see it. I love movies,147,29
5.0,if thereâ€™s one thing to know about me itâ€™s that iâ€™ll always be a la la land girly! Watched it 10+ times and it still hits like the first. Emma stone is the woman of my life for real!! (also i still stream city of stars quite a lot ğŸ˜­),233,50
4.5,That thing where youâ€™re way over-excited for a movie and youâ€™re worried youâ€™re setting yourself up for disappointment and then itâ€™s even better than you imagined and you want to watch it a hundred more times. Full review at ScreenCrush .,237,41
4.5,"â€œAS PESSOAS AMAM AQUILO QUE OS OUTROS FAZEM COM PAIXÃƒOâ€ Os musicais fazem da sÃ©tima arte algo alegre e sonhador, atÃ© o mais cÃ©ticos irÃ£o se pegar emocionados ou atÃ© cantarolando uma das mÃºsicas desse longa apÃ³s terminarem de assistir. La La Land: Cantando EstaÃ§Ãµes Ã© um longa-metragem que busca nos transportar para um estado de plena mÃ¡gica e nostalgia. O cineasta e roteirista Damien Chazelle homenageia de maneira honrosa os clÃ¡ssicos musicais de Hollywood que moldaram esse gÃªnero cinematogrÃ¡fico.â€¦",502,80
5.0,"I live for dreams. I live for the idea that one day I will be in the film industry. I live for film, I live for film lovers, I live for La La Land. When you make films like this, the game is changed. This film is everything that we've been waiting for. In La La Land, there is nothing that feels out of place. Every scene perfectly sets up the next and made me want more than just 2 hoursâ€¦",389,81
4.0,very charming,13,2
5.0,how can anyone hate this masterpiece,36,6
5.0,[serotonin has joined the chat],31,5
5.0,The Oscars made a mistake for â€œnotâ€ giving this masterpiece Best Picture back in 2017.,86,15
5.0,"Midway through the movie: Life is beautiful. By the end of the movie: Itâ€™s clearâ€”this is a horror film, and one of the finest at that. The film opens with warmth and joy, immersing us in a vibrant, colorful world where everyone dances and sings, creating an atmosphere that feels â€œlike a dream.â€ But as the story unfolds, dreams inevitably collide with reality. Even though Miaâ€™s final words to Sebastian are, â€œIâ€™m always gonna love you,â€ the fact that sheâ€¦",457,80
5.0,"growing up is turning off the tv before the ending montage ends. (emotional stability dependency on fictional characters runs fast, but I run faster)",149,24
5.0,"1001 movies you must see before you die (Ranked) Oscar Winners (Ranked) (2017) (Best Director) (Best Actress) (Best Cinematography) (Best Original Score) â€œItâ€™s weird that we keep running into eachother Yeah maybe it means something Doubt itâ€ Yeah I know itâ€™s absolutely crazy that I havenâ€™t seen this film yet, and honestly I donâ€™t have a single excuse why. Just havenâ€™t. I do think itâ€™s crazy how Iâ€™ve been able to skip every single spoiler about this film despite itsâ€¦",470,80
3.0,"mostly enjoyed this as a simple romantic comedy subversion, highlighting the inherent pain & regret that is bound to permeate our journeys to ""success"", whichever form it inevitably takes in the end. shame that it had to be a musical tho, and by a guy who very clearly views pop art with cynicism and disdain.",309,55
5.0,"ğŸ†98% Favorite Movies Ranked video - HERE My Favorite Movies - Click HERE In a world full of lackluster musicals, we have an absolute gem in La La Land . What could have easily been a by-the-numbers song-filled romp, this film is full of life, energy, joy, and love. Itâ€™s a tough task going from this to other musicals because most just donâ€™t measure up. It could absolutely be where I just donâ€™t consider myself to be a â€œmusical fan.â€ It takes aâ€¦",446,83
5.0,i laughed i cried a number of times i sweat i danced i got shot i ate and i had many epiphanies,95,22
5.0,I donâ€™t care what anyone says; La La Land is a perfect film.,60,13
5.0,Joji - Glimpse of Us (Official Music Video),43,8
4.5,I honestly could give or take the first 90 minutes of this but man that last 30 minutes kills me it's so good.,110,23
2.5,"My attention was seized, watching La La Land a second time â€” no longer in thrall to a flamboyance one can hardly help but find seductive â€” by a rather trifling detail. Thereâ€™s a moment, easy to overlook amid the whirlwind of whip-pans, showtunes, and dance numbers, in which the anonymous patron of a Hollywood studio-lot coffee shop, technically uncredited but specified on IMDB as â€œCoffee Shop Customer #2â€, approaches Mia (Emma Stone), the barista, and demands to know whetherâ€¦",480,80
5.0,"The day I donâ€™t cry watching La La Land, Iâ€™m dead. Why did I cry more than the first time? ğŸ˜­ğŸ˜­ğŸ˜­",94,21
5.0,"It's been so long since I rewatched this that I was wondering if this was still my favorite movie. Yeah, it is.",111,22
5.0,ğŸ˜­ğŸ˜­ğŸ˜­ğŸ˜­ğŸ˜­ğŸ˜­ğŸ˜­ğŸ˜­ğŸ˜­ğŸ˜­ğŸ˜­ğŸ˜­ğŸ˜­ğŸ˜­ğŸ˜­ğŸ˜­ğŸ˜­ğŸ˜­ğŸ˜­ğŸ˜­ğŸ˜­ğŸ˜­ğŸ˜­ğŸ˜­ğŸ˜­ğŸ˜­ğŸ˜­ğŸ˜­ğŸ˜­ğŸ˜­ğŸ˜­ğŸ˜­ğŸ˜­ğŸ˜­ğŸ˜­ğŸ˜­ğŸ˜­ğŸ˜­ğŸ˜­ğŸ˜­ğŸ˜­ğŸ˜­ğŸ˜­ğŸ˜­ğŸ˜­ğŸ˜­ğŸ˜­ğŸ˜­ğŸ˜­ğŸ˜­ğŸ˜­ğŸ˜­ğŸ˜­ğŸ˜­ğŸ˜­ğŸ˜­ğŸ˜­ğŸ˜­ğŸ˜­ğŸ˜­ğŸ˜­ğŸ˜­ğŸ˜­ğŸ˜­ğŸ˜­ğŸ˜­ğŸ˜­ğŸ˜­ğŸ˜­ğŸ˜­ğŸ˜­ğŸ˜­ğŸ˜­ğŸ˜­ğŸ˜­ğŸ˜­ğŸ˜­ğŸ˜­ğŸ˜­ğŸ˜­ğŸ˜­ğŸ˜­ğŸ˜­ğŸ˜­ğŸ˜­ğŸ˜­ğŸ˜­ğŸ˜­ğŸ˜­ğŸ˜­ğŸ˜­ğŸ˜­ğŸ˜­ğŸ˜­ğŸ˜­ğŸ˜­ğŸ˜­ğŸ˜­ğŸ˜­ğŸ˜­ğŸ˜­ğŸ˜­ğŸ˜­ğŸ˜­ğŸ˜­ğŸ˜­ğŸ˜­ğŸ˜­ğŸ˜­ğŸ˜­ğŸ˜­ğŸ˜­ğŸ˜­ğŸ˜­ğŸ˜­ğŸ˜­ğŸ˜­ğŸ˜­ğŸ˜­ğŸ˜­ğŸ˜­ğŸ˜­ğŸ˜­ğŸ˜­ğŸ˜­ğŸ˜­ğŸ˜­ğŸ˜­ğŸ˜­ğŸ˜­ğŸ˜­ğŸ˜­ğŸ˜­ğŸ˜­ğŸ˜­ğŸ˜­ğŸ˜­ğŸ˜­ğŸ˜­ğŸ˜­ğŸ˜­ğŸ˜­ğŸ˜­ğŸ˜­ğŸ˜­ğŸ˜­ğŸ˜­ğŸ˜­ğŸ˜­ğŸ˜­ğŸ˜­ğŸ˜­ğŸ˜­ğŸ˜­ğŸ˜­ğŸ˜­ğŸ˜­ğŸ˜­ğŸ˜­ğŸ˜­ğŸ˜­ğŸ˜­ğŸ˜­ğŸ˜­ğŸ˜­ğŸ˜­ğŸ˜­ğŸ˜­ğŸ˜­ğŸ˜­ğŸ˜­ğŸ˜­ğŸ˜­ğŸ˜­ğŸ˜­ğŸ˜­ğŸ˜­ğŸ˜­ğŸ˜­ğŸ˜­ğŸ˜­ğŸ˜­ğŸ˜­ğŸ˜­ğŸ˜­ğŸ˜­ğŸ˜­ğŸ˜­ğŸ˜­ğŸ˜­ğŸ˜­ğŸ˜­ğŸ˜­ğŸ˜­ğŸ˜­ğŸ˜­ğŸ˜­ğŸ˜­ğŸ˜­ğŸ˜­ğŸ˜­ğŸ˜­ğŸ˜­ğŸ˜­ğŸ˜­ğŸ˜­ğŸ˜­ğŸ˜­ğŸ˜­ğŸ˜­ğŸ˜­ğŸ˜­ğŸ˜­ğŸ˜­ğŸ˜­ğŸ˜­ğŸ˜­ğŸ˜­ğŸ˜­ğŸ˜­ğŸ˜­ğŸ˜­ğŸ˜­ğŸ˜­ğŸ˜­ğŸ˜­ğŸ˜­ğŸ˜­ğŸ˜­ğŸ˜­ğŸ˜­ğŸ˜­ğŸ˜­ğŸ˜­ğŸ˜­ğŸ˜­ğŸ˜­ğŸ˜­ğŸ˜­ğŸ˜­ğŸ˜­ğŸ˜­ğŸ˜­ğŸ˜­ğŸ˜­ğŸ˜­ğŸ˜­ğŸ˜­ğŸ˜­ğŸ˜­ğŸ˜­ğŸ˜­ğŸ˜­ğŸ˜­ğŸ˜­ğŸ˜­ğŸ˜­ğŸ˜­ğŸ˜­ğŸ˜­ğŸ˜­ğŸ˜­ğŸ˜­ğŸ˜­ğŸ˜­ğŸ˜­ğŸ˜­ğŸ˜­ğŸ˜­ğŸ˜­ğŸ˜­ğŸ˜­ğŸ˜­ğŸ˜­ğŸ˜­ğŸ˜­ğŸ˜­ğŸ˜­ğŸ˜­ğŸ˜­ğŸ˜­ğŸ˜­ğŸ˜­ğŸ˜­ğŸ˜­ğŸ˜­ğŸ˜­ğŸ˜­ğŸ˜­ğŸ˜­ğŸ˜­ğŸ˜­ğŸ˜­ğŸ˜­ğŸ˜­ğŸ˜­ğŸ˜­ğŸ˜­ğŸ˜­ğŸ˜­ğŸ˜­ğŸ˜­ğŸ˜­ğŸ˜­ğŸ˜­ğŸ˜­ğŸ˜­ğŸ˜­ğŸ˜­ğŸ˜­ğŸ˜­ğŸ˜­ğŸ˜­ğŸ˜­ğŸ˜­ğŸ˜­ğŸ˜­ğŸ˜­ğŸ˜­ğŸ˜­ğŸ˜­ğŸ˜­ğŸ˜­ğŸ˜­ğŸ˜­ğŸ˜­ğŸ˜­ğŸ˜­ğŸ˜­ğŸ˜­ğŸ˜­ğŸ˜­ğŸ˜­ğŸ˜­ğŸ˜­ğŸ˜­ğŸ˜­ğŸ˜­ğŸ˜­ğŸ˜­ğŸ˜­ğŸ˜­ğŸ˜­ğŸ˜­ğŸ˜­ğŸ˜­ğŸ˜­ğŸ˜­ğŸ˜­ğŸ˜­ğŸ˜­ğŸ˜­ğŸ˜­ğŸ˜­ğŸ˜­ğŸ˜­ğŸ˜­ğŸ˜­ğŸ˜­ğŸ˜­ğŸ˜­ğŸ˜­ğŸ˜­ğŸ˜­ğŸ˜­ğŸ˜­ğŸ˜­ğŸ˜­ğŸ˜­ğŸ˜­ğŸ˜­ğŸ˜­ğŸ˜­ğŸ˜­ğŸ˜­ğŸ˜­ğŸ˜­ğŸ˜­ğŸ˜­ğŸ˜­ğŸ˜­ğŸ˜­ğŸ˜­ğŸ˜­ğŸ˜­ğŸ˜­ğŸ˜­ğŸ˜­ğŸ˜­ğŸ˜­ğŸ˜­ğŸ˜­ğŸ˜­ğŸ˜­ğŸ˜­ğŸ˜­ğŸ˜­ğŸ˜­ğŸ˜­ğŸ˜­ğŸ˜­ğŸ˜­ğŸ˜­ğŸ˜­ğŸ˜­ğŸ˜­ğŸ˜­ğŸ˜­ğŸ˜­ğŸ˜­ğŸ˜­ğŸ˜­ğŸ˜­ğŸ˜­ğŸ˜­ğŸ˜­ğŸ˜­ğŸ˜­ğŸ˜­ğŸ˜­ğŸ˜­ğŸ˜­ğŸ˜­ğŸ˜­ğŸ˜­ğŸ˜­ğŸ˜­ğŸ˜­ğŸ˜­ğŸ˜­ğŸ˜­ğŸ˜­ğŸ˜­ğŸ˜­ğŸ˜­ğŸ˜­ğŸ˜­ğŸ˜­ğŸ˜­ğŸ˜­ğŸ˜­ğŸ˜­ğŸ˜­ğŸ˜­ğŸ˜­ğŸ˜­ğŸ˜­ğŸ˜­ğŸ˜­ğŸ˜­ğŸ˜­ğŸ˜­ğŸ˜­ğŸ˜­ğŸ˜­ğŸ˜­ğŸ˜­ğŸ˜­ğŸ˜­ğŸ˜­ğŸ˜­ğŸ˜­ğŸ˜­ğŸ˜­ğŸ˜­ğŸ˜­ğŸ˜­ğŸ˜­ğŸ˜­ğŸ˜­ğŸ˜­ğŸ˜­ğŸ˜­ğŸ˜­ğŸ˜­ğŸ˜­ğŸ˜­ğŸ˜­ğŸ˜­ğŸ˜­ğŸ˜­ğŸ˜­ğŸ˜­ğŸ˜­ğŸ˜­ğŸ˜­ğŸ˜­ğŸ˜­ğŸ˜­ğŸ˜­ğŸ˜­ğŸ˜­ğŸ˜­ğŸ˜­ğŸ˜­ğŸ˜­ğŸ˜­ğŸ˜­ğŸ˜­ğŸ˜­ğŸ˜­ğŸ˜­ğŸ˜­ğŸ˜­ğŸ˜­ğŸ˜­ğŸ˜­ğŸ˜­ğŸ˜­ğŸ˜­ğŸ˜­ğŸ˜­ğŸ˜­ğŸ˜­ğŸ˜­ğŸ˜­ğŸ˜­ğŸ˜­ğŸ˜­ğŸ˜­ğŸ˜­ğŸ˜­ğŸ˜­ğŸ˜­ğŸ˜­ğŸ˜­ğŸ˜­ğŸ˜­,528,1
5.0,"Instantly enchanting and impossibly charming, Damien Chazelle's ""La La Land"" is both a throwback and a glance forward. An original musical comedy that buzzes with a golden age energy at the same times it bristles with contemporary verve, Chazelle's film sings and swings its way off the screen, launching itself with undeniable joy into the hearts and minds of its audience. It is an experience the pulses and beats with pure, cinematic bliss. ""La La Land"" is the story ofâ€¦",473,80
5.0,I can't believe when I first saw this in theatres i thought it was just ok.. like what the fuck was i thinking. we are talking about top 15 cinema here fuck my shitty ass miserable life lmfao,191,38
5.0,this is actually my roman empire.,33,6
5.0,*crying* person: is that gonna happen everytime? me *sobbing*: i think so,73,12
5.0,i religiously listen to the soundtrack every single day of my life,66,12
5.0,you know what's better than sex? la la land's cinematography.,61,10
5.0,"People love what other people are passionate about. What's wrong with I Ran???? It is a great song. I am not the biggest fan of musicals, but La La Land is an exception. That's why I had been putting off watching it. I am glad I finally got around to watching this. 9.9/10",272,53
5.0,"â€œI guess Iâ€™ll see you in the moviesâ€ Iâ€™ll start off by saying that I usually donâ€™t enjoy musicals howeverâ€¦ when it comes to La La Land thereâ€™s an exception. La La Land is absolutely flawless in every aspect possible. Damien Chazelle is an incredible director. The cinematography is god damn stunning, and the acting is amazing. As I mentioned in a previous review, we all know how good the chemistry between Ryan Gosling and Emma Stone is, and it fucking flourishes in this film. Wonâ€™t lie, the ending always gets the emotions going. Absolute Cinema. ğŸ’¯ ğŸµ ğŸ¹ ğŸ¬ Ryan Gosling Ranked Favorite Films",593,105
5.0,"If I donâ€™t make a movie thatâ€™s an homage to Hollywood, the musicals of the 1960s, and tells the story of young love and heartbreak, I think I might die.",152,30
5.0,Nunca habrÃ¡ mejor pelÃ­cula que estaâ€¦,36,6
4.5,Manic-depression at its finest,30,4
5.0,Eternally jealous of people who get to watch this for the first time.,69,13
5.0,Me: just fuck my shit up La La Land: say no more fam,52,13
5.0,"apaixonada por esse filme e como ele mostra a realidade. Ã© o que dizem: vocÃª pode dividir tudo com a pessoa que ama, menos os seus sonhos.",138,27
5.0,ğŸ¥¹ lobe,6,2
5.0,I officially decided I would rewatch every Damian Chazelle movie today. This movie is absolutely incredible. This may just be the greatest musical ever.,152,24
5.0,"ğŸŒŸ95% ğŸ”™ Chernobyl ğŸ”™ ğŸ”œBack in ActionğŸ”œ Finally got back round to the alphabet challenge , onto letter L and it was finally time I checked out La La Land.. holy fk! Iâ€™m not the biggest musical or romance watcher but this made a fan of me for life. That or Damien Chazelleâ€™s unique ability to create stunning and unforgettable cinema, Iâ€™ve only seen Whiplash and now La La Landâ€¦ and they are both easy 5* films. Linus Sandgrenâ€™s cinematography is aâ€¦",444,82
4.0,"SORRY I'd like to formally apologize to anyone whose sensibilities I have offended by giving this film only 3 stars originally and leaving it that way for more than seven years. I'm not really sure why I did not love this film upon first watching. I LOVE musicals. In fact, as a group, more of my 5 star movies are musicals than any out group. Singing in the Rain is a permanent resident of my Top 4 and my goâ€¦",410,80
5.0,the greatest movie ever made actually,37,6
4.0,"Neither of 'em can really sing. The middle sags like hell and is in desperate need of a showstopper that doesn't arrive. But dammit, it still plays like gangbusters--and, as you've probably heard, the final 20 minutes, well, they have the range. editing to add my piece at The Atlantic on the film's uncommon understanding of the strengths, and drawbacks, of nostalgia",368,62
4.5,Ryan Gosling âŒ Ryan Dancesling âœ… Ryan Jazzling âœ…,48,9
5.0,"an unusual choice to kick off a month of watching horror movies i know but i figured out what the scariest thing ever, of all time is: a world where this movie doesn't exist",173,34
5.0,this really is the most beautiful film ever made and if you donâ€™t agree iâ€™m sorry for you,89,18
5.0,"Novamente terminei esse filme em prantos, os Ãºltimos minutos dele Ã© pura depressÃ£o. Ã‰ muito o meu trauma cinematogrÃ¡fico, que nÃ£o consigo deixar de amar. ğŸ¥ºğŸ’”",156,26
5.0,"they got what they wanted, but lost what they had.",50,10
5.0,Rewatched this while I packed to move to LA next week so it hit a little harder than normal. This movie is just so magical and Emma Stone and Ryan Gosling are two of the most charismatic working actors.,202,39
5.0,great representation for girls who steal their boyfriendâ€™s music taste (me),75,11
5.0,"A celebration of colors contrasted by breathtaking monochromatic backdrops, damien chazelle reminds the increasingly minimalistic world of motion pictures what movies are essentially about -- motion , then invites us to tap our feet, spin around like we're in a silent movie and dance along to the gradual build-up of trombones, via fluid, energetic camerawork and precise choreography. I can not give this any less than a perfect rating, I am a slave to this film and its music.",479,79
5.0,Ever since I saw this at TIFF back in September I've been DYING to see it again. La La Land is a triumph. I love this movie so much. A spell-binding film that took my breath away once again. Emma Stone was sensational. Ryan Gosling was fantastic. Them together is magical. The ending ruined me again. It's arguably even better the second time around. I want to watch this movie on an endless loop. I'm going to purchase the soundtrack right now and listen to it daily until the Blu-Ray comes out. My original review,515,95
5.0,who needs singin in the rain when u could be singin thru the pain hahahahaha am i right,87,18
4.5,One day Iâ€™m gonna tell my grandkids that THIS was what life in 2016 was like.,77,16
5.0,"Thereâ€™s a difference between good and bad fan-service. Like Into the Spider-Verseâ€™s effective handling of the web slingerâ€™s lore, what you find here is an astounding homage to musicals of a bygone era. Minor spoilers to follow. The cinematography and production design in this film is so engrossing to look at it takes you to somewhere else. It is literally larger than life. We get glimpses of this â€˜larger-than-lifeâ€ concept sprinkled throughout leading to a narratively satisfying finale that willâ€¦",501,80
5.0,"Welcome to Seb's. - Even though Iâ€™m not a big fan of musicals, La La Land really pleased me. Itâ€™s one of the few in the genre that I truly enjoyed watching. The musical scenes arenâ€™t just thrown in â€” they are well placed and flow really well with the story, nothing feels forced. Ryan Gosling and Emma Stone have great chemistry together, and the jazz makes everything even better. Visually, the film is beautiful, with amazing cinematography. And theâ€¦",452,80
5.0,"Justin Hurwitz MVP. Not sure why I didnâ€™t have this at 5 stars already. The songs and score run through my daily, no exaggeration. Degrees of Kevin Bacon: 1 1. Emma Stone (or Ryan Gosling ) and Kevin Bacon in Crazy, Stupid, Love.",229,43
4.0,pissy caca,10,2
5.0,â€œHereâ€™s to the fools who dreamâ€,31,6
5.0,this film made me feel things that i can't explain,50,10
4.0,"Two struggling artists, an actress and a jazz musician, meet by chance in Los Angeles, fall in love and try to fulfill their dreams. Will they succeed? And if they do, can their relationship survive the inevitable price that has to be paid? Technically flawless, visually dazzling and emotionally touching, ""La La Land"" is a wonderful revitalization of the moribund classic musical. Chazelle's vision is one of honoring the old tropes of the genre but at the same time updatingâ€¦",478,80
5.0,being depressed and up this movie's ass are my only two personality traits,74,13
5.0,"hey twin, it's okay to like popular films like La La Land. they're popular for a reason, right? and I won't blame you for it. okay, that's all. take care, twin.",160,31
5.0,"Somebody said this movie is going to be studied in cinema history lessons in 20 years, and I couldn't agree more. This is perfectly done, visually stunning, and made me shed lots of tears. Emma Stone and Ryan Gosling deliver one of their best performances; the soundtrack gets stuck in your head, and I'm of the idea this should've won the Oscar for best movie.",361,65
5.0,Watched my favorite horror film for this Halloween. Iâ€™m not okay ğŸ˜­ğŸ’”,67,12
4.5,bunu da yalnÄ±z izledik evelallah,32,5
3.0,Watching pre-pandemic Ryan Gosling movies is like watching old home videos of your childhood dog that was tragically run over by a gray 1999 Toyota Camry. #GoneTooSoon,167,27
4.5,I just realized that the four seasons somehow symbolizes the relationship between Mia and Sebastian. I feel like a fool for not noticing it. La La Land is a lot better the second time around.,191,35
5.0,"Es como la sÃ©ptima vez que la veo pero esta vezâ€¦ fue en el auditorio nacional con miles de personas, con Justin Hurwitz y su orquesta tocando la mÃºsica en vivo junto a Angie a mi lado. La La Land es el tipo de pelÃ­cula que ya la llevo tatuada en el alma. No hay parte de ella que no conozca y ame y cada vez es entenderla de una manera diferente. AÃºn me acuerdo cuando me emocionaba viendo el trailerâ€¦ pensar que casi 10 aÃ±os despuÃ©s todo esto estÃ¡ pasando. P.D. TambiÃ©n compre el pÃ³ster y el vinilo firmado. Se lo mejor en mi colecciÃ³n",536,106
3.5,"Damien Chazelle's ode to the classical era of Hollywood's musicals in La La Land takes his viewers on a nostalgic trip for a good two hours - and while it runs, the pleasantness can be felt all the way through as if there were anything much more to ask. Where it needs to succeed, La La Land certainly manages to achieve its goal for Damien Chazelle's aspiration to bring his own viewers back to such an era for Hollywood comesâ€¦",428,80
3.5,"I liked it. It had a lot of energy, which I liked, and the cool blue lighting ğŸŒƒ made it gorgeous. I can never dislike watching Emma Stone doing anything. And red haired Emma Stone. Even better. ğŸ‘©ğŸ»â€ğŸ¦° She is effortlessly charming and likeable. Miaâ€™s story was the one I was invested in. I probably would have liked this more if I didnâ€™t find Goslings character insufferable. I get that he was supposed to be a bit pretentious but Iâ€¦",430,80
4.5,"Every once in a while, a movie comes along that injects a new life into a dying genre and changes everything. Whenever the film industry ran out of ideas or continued churning the same formulaic stuff for far too long, there always emerged a fresh breed of filmmakers who took it upon themselves to bring the necessary change and, in the process, heralded a new era of motion pictures. 2016 will no doubt go down as the year in whichâ€¦",434,80
4.5,"â€œand if, in some distant place in the future, we see each other in our new lives. i will smile at you with joy, and remember how we spent a summer beneath the trees, learning from each other and growing in love.â€ â‚ŠËšâŠ¹ â€” iâ€™m crying so much right now :â€™) in my memories la la land wasnâ€™t that good, but how wrong i was. every scene is soo iconic. â™¥ï¸ (hard to believe that this movie is from 2016, i swear i thought it was from 2020s, i guess time just pass soo fast.)",464,95
4.5,stuck between an insane desire to find someone who would fall madly in love with me and learn the bench choreography OR just ending it all,138,26
5.0,â€œIâ€™m always gonna love you.â€,28,5
5.0,Sometimes I wish I could forget this movie and rewatch it and experience the magic all over again,97,18
4.0,I dance.,8,2
5.0,gaslighting myself into believing that the dream ballet is what actually happens in this film instead of that horrifying ending has become second nature for me,159,26
5.0,"La la land is one of my favorite movies of all time. It takes you on an emotional journey that Iâ€™ve never felt before. I donâ€™t cry in movies often, but this film totally brought tears to my eyes. Not to mention, that soundtrack I could listen to all the time. The acting is outstanding. This is definitely my favorite romance movie It really is a masterpiece.",359,67
5.0,"Rewatched this (again) immediately after Moonlight. Still my favorite. I don't know how but some of these scenes just never ever ever lose any of their luster or impact with repeated viewings. I'm still exactly as charmed and in love with all of the musical/dance sequences (I mean, that opening, my god) and that epilogue. It's a great movie! You're a damn fool if you don't think movies are getting better all the time.",421,74
5.0,Is rewatching La La Land on Valentineâ€™s Day alone for the millionth time really the best idea? Probably not but I did it anyway and still cried. Iâ€™m literally just torturing myself at this point bro,198,36
5.0,""" Here's to the ones who dream, foolish as they may seem. "" Musical fan or not, La La Land slaps (and breaks hearts). A movie about dreams, magic, Hollywood and jazz . I don't think I'll ever get over this one. marshallcore ğŸŸï¸",226,44
5.0,Finally got to show my mom this incredible masterpiece,54,9
5.0,my favourite horror film,24,4
4.0,"Para comeÃ§ar Ã© impossivel nÃ£o falar da fotografia linda, teatral e unica, com cenarios lindos e com o uso de cores para transmitir algo, eu acho que o comeco do filme nÃ£o Ã© tÃ£o bom quanto poderia mas no segunto ato melhora e para no terceiro ato ser algo bonito como a separaÃ§Ã£o deles e a vidas diferentes que eles levaram e que eles nunca conseguriam ficar juntos para alcancar seus sonhos, e no fim mostra que conseguiram o seuâ€¦",430,80
5.0,"watch #100 watching my favourite movie for the 100th time at an open-air cinema with the love of my life was an unreal experience. itâ€™s just such a beautiful film iâ€™m never gonna get tired of it. wish i had some way of telling damien chazelle, ryan gosling, emma stone, justin hurwitz and everyone who worked on this film how much it means to me. anyway the only bad part about this experience was that i really had to pee the entire time so i spent the entire movie focusing on not peeing my pants ğŸ˜­",500,96
5.0,"Starting off 2021 right with my favorite movie of all time ğŸ¥° Note: so I just realized the bittersweet ending is partially my fault. The epilogue and the end could have been wonderful if Mia and Sebastian didnâ€™t get frustrated with LA traffic and Mia didnâ€™t flip the finger to Sebastian in the beginning. As a civil engineer who designs roads for a living and works with fixing traffic, this could have been avoided. It was my fault I wasnâ€™tâ€¦",441,80
5.0,The real sequel to Crazy Stupid Love,36,7
5.0,Ù…Ù† Ø§ÙØ¶Ù„ Ø§Ù„Ø§ÙÙ„Ø§Ù… Ø³ÙƒÙˆØ± (Ù…ÙˆØ³ÙŠÙ‚Ù‰ Ø®Ø§ØµØ© Ø¨Ø§Ù„ÙÙ„Ù…) Ø¨Ø§Ù„ØªØ§Ø±ÙŠØ®ØŒ Ù…Ù† Ø§ÙØ¶Ù„ Ø§Ù„Ø§ÙÙ„Ø§Ù… Ø§Ø³ØªØ®Ø¯Ø§Ù…Ø§ Ù„Ù„Ø§Ù„ÙˆØ§Ù† ÙÙŠ Ø§Ù„ØªØ§Ø±ÙŠØ®ØŒ Ù…Ù† Ø§ÙØ¶Ù„ Ø§Ù„Ø§ÙÙ„Ø§Ù… Ø³ÙŠÙ†Ù…Ø§ØªÙˆØºØ±Ø§ÙÙŠ ÙÙŠ Ø§Ù„ØªØ§Ø±ÙŠØ®ØŒ Ù…Ù† Ø§ÙØ¶Ù„ Ø§Ù„Ø§ÙÙ„Ø§Ù… Ø§Ù„Ø±ÙˆÙ…Ù†Ø³ÙŠÙ‡ ÙÙŠ Ø§Ù„ØªØ§Ø±ÙŠØ®ØŒ Ù…Ù† Ø§ÙØ¶Ù„ Ø§Ù„Ø§ÙÙ„Ø§Ù… Ø§Ù„Ù…ÙˆØ³ÙŠÙ‚ÙŠÙ‡ ÙÙŠ Ø§Ù„ØªØ§Ø±ÙŠØ®ØŒ Ù…Ù† Ø§ÙØ¶Ù„ Ø§Ù„Ø§Ø¯Ø§Ø¡Ø§Øª Ø§Ù„Ø«Ù†Ø§Ø¦ÙŠÙ‡ ÙÙŠ Ø§Ù„ØªØ§Ø±ÙŠØ®ØŒ Ù…Ù† Ø§ÙØ¶Ù„ Ø§Ù„Ø§ÙÙ„Ø§Ù… Ø§Ù„Ø¯Ø±Ø§Ù…ÙŠÙ‡ ÙÙŠ Ø§Ù„ØªØ§Ø±ÙŠØ®ØŒ Ù…Ù† Ø§ÙØ¶Ù„ Ø§Ù„Ù†Ù‡Ø§ÙŠØ§Øª ÙÙŠ Ø§Ù„ØªØ§Ø±ÙŠØ®ØŒ Ù…Ù† Ø§ÙØ¶Ù„ Ø§Ù„Ø§ÙÙ„Ø§Ù… ÙÙŠ Ø§Ù„ØªØ§Ø±ÙŠØ®.,345,55
4.5,"Ok so I was watching this on the plane and I was crying so the flight attendant came over to check on me and she was like ""aww, sweetie, is this the first time you've watched this movie? I cried too!"" and I didn't have the dignity to tell her that no, Jenny....this is in fact my fifth time...",293,59
5.0,La La Land is that one movie where it cured and gave me depression at the same time. I will always love this forever deeply. You just can't hate this c'mon now. Who also doesn't love jazz? Clearly a masterpiece. All-Time Favorites,230,42
5.0,i la la love it you can la la fuck off,38,11
4.0,"The Uzhimariâ€™s Alphabet Challenge Today with the â€˜Lâ€™: La La Land still not a big fan of musicals or romances, but credit whereâ€™s due. â€˜ La La Land â€™ is one of the most loved films of the last decade, and i can get why. thereâ€™s a lot of talent and stuff involved here thatâ€™s worthy of being appreciated. i would highlight Chazelleâ€™s craft, the charismatic Emma & Ryanâ€™s duo, the beautiful cinematography and sound, and the emotional and thematic depth. a taleâ€¦",459,83
4.0,"justin hurwitz, you will always be famous â¤ï¸",44,8
4.5,Bro why does Ryan always have to be left alone ğŸ˜­ğŸ˜­ğŸ˜­ he loved her! Rated 4 stars and a half because she lied about the fact that she will love him forever ğŸ˜’,154,33
4.0,yeah its good,13,3
5.0,"All that jazz, just to leave us in silence.",43,9
5.0,"ğŸ‡ºğŸ‡¸ In English: Damien Chazelle turns the classic Hollywood musical into an ode to nostalgia and the sacrifices of ambition, painting every frame with a melancholy wrapped in unforgettable melodies. The film glides effortlessly between euphoria and heartbreak, making each musical number pulse with raw emotion. The romance between Mia and Sebastian is built with tenderness, balancing personal aspirations and love in a cruel game of fate. Emma Stone and Ryan Goslingâ€™s chemistry doesnâ€™t just carry the storyâ€”it amplifies theâ€¦",526,80
5.0,Mandatory plane rewatch of peak.,32,5
5.0,ryan gosling is my #1 most listened to artist on spotify,56,11
4.0,"""He loved Alfred Hitchcock and the French New Wave, and was dabbling in the American avant-garde. He had watched musicals growing up but found it revelatory to see Astaire and Rogers cheek to cheek in â€œTop Hatâ€ while watching Jean-Luc Godard and Maya Deren. â€œSuddenly, I started thinking of them as experimental movies in mainstream garb,â€ Mr. Chazelle said recently when we met in Los Angeles. â€œThat was the initial thing where I woke up and went, â€˜Oh my God,â€¦",461,80
4.5,"Iâ€™ve been watching La La Land for the movie itself this whole time but now I finally see the light. Itâ€™s all about Ryan Gosling. I love Emma, truly, but my new priority is my glorious king Ryan.",194,38
5.0,"""And here's to the fools who dream / Crazy as they may seem. / Here's to the hearts that break. / Here's to the mess we make."" - Mia Dolan (Emma Stone) Happy eighth anniversary to one of the greatest films ever made, La La Land !! Words can't even describe how much I love this film. Watching this film makes me feel uplifted and teary-eyed at the same time. The pure beauty of this film will never fail to mesmerizeâ€¦",417,81
5.0,"2016 Ranked Top 100 Films Seen in Theaters Postmodernism is a film theory that suggests that there is nothing original anymore. If it could be made, it has been made and we are doomed to simply remake a once original idea in perpetuity. Postmodernism also includes ideas regarding nostalgia and hyperreality, positing that cities such as Los Angeles may physically be real, but are in fact, dream worlds that are not actually there. In Damien Chazelle's latest work and, dareâ€¦",476,80
5.0,no matter how many times i watch this (iâ€™ve lost count) it will never lose that spark that populates every single one of its images. and yes the ending still makes me feel like iâ€™m fighting off every demon released from the pits of hell.,237,45
5.0,i love this movie more than i love my boyfriend,47,10
5.0,Let's start 2025 off with a bang!! I got to rewatch this in theaters today and it was absolutely incredible! Ryan Gosling & Emma Stone are absolutely incredible in every way!!! Damian Chazelle did a beautiful job making this! The cinematography is stunning! Justin Herwitz's score is amazing! This is one of the best movies of the 2010s!!! Damian Chazelle Ranked 2010s Ranked The Greatest Actors of All Time Ranked,414,70
5.0,HEY THIS IS STILL THE BEST MOVIE EVER MADE OKAY BYE,51,11
5.0,"â€œAnd I guess we're just gonna have to wait and see.â€ â€œI'm always gonna love you.â€œ â€œI'm always gonna love you, too.â€œ The ending got me so good. I was crying like a baby. Oh, how I wish I had appreciated this film the first time I tried to watch it. I didnâ€™t go in blind because I watched up until maybe the halfway mark earlier last year, and then I just never finished. I feel like I've always lovedâ€¦",400,80
5.0,not to be dramatic but every time this movie ends i want to die,63,14
5.0,they hurt worse than my real parents divorce,44,8
5.0,"I know this movie gets hate but I honestly love it. Itâ€™s probably my favourite musical of all time. The production design, the cinematography, and Damien Chazelle behind the camera put this movie on another level. Emma Stone and Ryan Gosling are fantastic together and have amazing chemistry. Iâ€™ve seen this movie at least 5 times now and I havenâ€™t gotten bored.",362,62
5.0,Ù…Ù†Ø­Øª Ù„Ø§ Ù„Ø§ Ù„Ø§Ù†Ø¯ Ø«Ù„Ø§Ø« Ù†Ø¬Ù…Ø§Øª Ø¨Ø§Ø±Ø¯Ù‡ Ø¨Ù…Ø´Ø§Ù‡Ø¯ØªÙŠ Ù„Ù‡ Ù‚Ø¨Ù„ Ø¹Ø§Ù… Ù„ÙƒÙ† Ø´ÙŠØ¦Ù‹Ø§ Ù…Ø§ Ø¸Ù„ ÙŠØ±Ø§ÙˆØ¯Ù†ÙŠØŸ Ø±Ø¨Ù…Ø§ Ù„Ø­Ù† City of Stars Ø§Ùˆ ÙØ³ØªØ§Ù† Ù…ÙŠØ§ Ø§Ù„Ø§ØµÙØ±! Ø¹Ø¯ØªÙ Ø§Ù„ÙŠÙ‡ Ù„Ø§ÙƒØªØ´Ù Ø§Ù†Ù†ÙŠ ÙƒÙ†ØªÙ Ø§Ù†Ø¸Ø± Ø§Ù„Ù‰ Ø§Ù„Ø³Ø·Ø­ ÙÙ‚Ø· ÙˆÙ„Ù… Ø§Ø¬Ø±Ø¤ Ø¹Ù„Ù‰ Ø§Ù„ØºÙˆØµ ÙˆÙ…Ø§ Ø²Ø§Ù„ Ø§ÙˆÙØ±Ø±ÙŠØªØ¯ Ø¨Ù†Ø¸Ø±ÙŠ Ù„ÙƒÙ†Ù‡ Ø§Ù„Ø§Ù† Ø§ÙˆÙØ±Ø±ÙŠØªØ¯ Ù„Ù„Ø³Ø¨Ø¨ Ø§Ù„ØµØ­ÙŠØ­ Ø§Ù„Ø§Ù†Ø¨Ù‡Ø§Ø± Ø§Ù„Ø§ÙˆÙ„ ÙƒØ§Ù† Ù…Ø¬Ø±Ø¯ Ø³Ø·Ø­ÙŠÙ‡ Ø§Ù…Ø§ Ø§Ù„Ø¹ÙˆØ¯Ù‡ Ø§Ù„Ø«Ø§Ù†ÙŠÙ‡ ÙÙƒØ§Ù†Øª Ø§Ø´Ø¨Ù‡ Ø¨Ø§Ù„ØµØ­ÙˆÙ‡ ÙˆØªØ³Ø§Ø¡Ù„Øª Ù‡Ù„ ÙƒØ§Ù†Øª Ø§Ù„Ù‚ØµÙ‡ ÙÙŠ Ø§Ù„ÙƒÙ„Ù…Ø§Øª Ø§Ù… ÙÙŠ Ø§Ù„Ø§Ù„ÙˆØ§Ù†ØŸ Ø§Ø¯Ø±ÙƒØªÙ Ø§Ù† Ù…Ù„Ø§Ø¨Ø³Ù‡Ù…Ø§ ÙƒØ§Ù†Øª Ù‡ÙŠ Ø§Ù„Ø³ÙŠÙ†Ø§Ø±ÙŠÙˆ Ø§Ù„Ø­Ù‚ÙŠÙ‚ÙŠØŒ Ø­ÙˆØ§Ø± Ø¨ØµØ±ÙŠ Ø§Ø¨Ø¯ÙŠ Ø¨ÙŠÙ† Ø§Ù„Ø§Ø²Ø±Ù‚ (Ø§Ù„ÙˆØ§Ù‚Ø¹)â€¦,439,80
,I couldn't use the fastpass lane from LAX to the 110 because they were shooting the opening scene for this movie. ZERO STARS.,125,23
4.0,"Damien Chazelle really put his whole heart into this film, he directs the opening scene rather differently from the rest of the movie. Itâ€™s fast paced and it starts the film with a really joyous mood that the audience soon learns isnâ€™t exactly true for the rest of the film as itâ€™s filled with high moments and incredibly low moments, that opening scene is a tiny bit of a put off as itâ€™s good, but it doesnâ€™t fit with theâ€¦",423,80
5.0,Lindo. Hermoso. Beautiful. Masterpiece.,39,4
5.0,mozart has been particularly quiet since Sebastian composed 'Mia and Sebastians theme',86,12
